Link TikTok,views,likes,shares,Tiêu đề (tham khảo)
https://www.tiktok.com/@topzone.official/video/7540000000411805882,407.819,10665,2378,Tóm tắt sự kiện Apple 3 phút #52
https://www.tiktok.com/@topzone.official/video/7540000000419725112,103.971,2774,447,Cách chụp đêm đẹp bằng iPhone #53
https://www.tiktok.com/@topzone.official/video/7540000000435563350,155.756,5120,935,Apple Watch Series 11 lộ diện #55
https://www.tiktok.com/@topzone.official/video/7540000000443483033,80.520,1673,335,Chuyển dữ liệu Android sang iPhone #56
https://www.tiktok.com/@topzone.official/video/7540000000451402376,323.055,8437,1898,iPhone 17 Pro chính thức ra mắt #57
https://www.tiktok.com/@topzone.official/video/7540000000459321315,297.196,8949,1508,Tóm tắt sự kiện Apple 3 phút #58
https://www.tiktok.com/@topzone.official/video/7540000000475160220,272.914,5259,860,Đặt trước iPhone 17 nhận quà 3 triệu #60
https://www.tiktok.com/@topzone.official/video/7540000000490998666,359.145,5800,1367,Đặt trước - giao máy tận nhà #62
https://www.tiktok.com/@topzone.official/video/7540000000498918037,285.685,4639,838,iPhone 16 giảm sâu trả chậm 0% #63
https://www.tiktok.com/@topzone.official/video/7540000000506837893,89.197,1402,271,Bảo hành 1 đổi 1 tại TopZone #64
https://www.tiktok.com/@topzone.official/video/7540000000514756803,247.413,4852,989,Đặt trước iPhone 17 nhận quà 3 triệu #65
https://www.tiktok.com/@topzone.official/video/7540000000522676815,194.873,2258,804,Đặt trước iPhone 17 nhận quà 3 triệu #66
https://www.tiktok.com/@topzone.official/video/7540000000530595971,256.220,8865,940,Không khí đêm mở bán #67
https://www.tiktok.com/@topzone.official/video/7540000000538515192,263.737,10862,997,Không khí đêm mở bán #68
https://www.tiktok.com/@topzone.official/video/7540000000546434179,363.482,12880,2547,Không khí đêm mở bán #69
https://www.tiktok.com/@topzone.official/video/7540000000554353487,146.037,1796,218,KV khuyến mãi tháng #70
https://www.tiktok.com/@topzone.official/video/7540000000562273317,602.838,13769,3000,Người đầu tiên cầm iPhone 17 #71
https://www.tiktok.com/@topzone.official/video/7540000000570192652,616.321,18188,3687,Người đầu tiên cầm iPhone 17 #72
https://www.tiktok.com/@topzone.official/video/7540000000578111283,226.808,5005,794,AirPods Pro 3 giảm thêm 500K #73
https://www.tiktok.com/@topzone.official/video/7540000000586031014,448.873,17742,2655,Không khí đêm mở bán #74
https://www.tiktok.com/@topzone.official/video/7540000000593950149,200.674,5820,623,Workshop chụp ảnh iPhone #75
https://www.tiktok.com/@topzone.official/video/7540000000601869510,127.154,2004,228,Dịch vụ dán màn hình miễn phí #76
https://www.tiktok.com/@topzone.official/video/7540000000609788702,244.272,3203,853,AirPods Pro 3 giảm thêm 500K #77
https://www.tiktok.com/@topzone.official/video/7540000000617708138,445.581,17151,3405,Ai dè mua iPhone được tặng thêm #78
https://www.tiktok.com/@topzone.official/video/7540000000538515000,,,,Không khí đêm mở bán #68
