ID bài viết,ID Trang,Tên Trang,Tiêu đề,Mô tả,Thời lượng (giây),Thời gian đăng,Liên kết vĩnh viễn,Loại bài viết,Ngày,Lượt xem,Người tiếp cận,"Cảm xúc, bình luận và lượt chia sẻ",Cảm xúc,Bình luận,Lượt chia sẻ,Số giây đã xem,Số giây xem trung bình,Lượt xem video 3 giây,Lượt xem video 1 phút
100064123456789_1200000005445908,100064123456789,TopZone (giả),Tóm tắt sự kiện Apple 3 phút #52,Tóm tắt sự kiện Apple 3 phút #52,8,09/02/2026 10:00,https://www.facebook.com/100064123456789/posts/1200000005445908,Video,Trọn đời,414380,700679,,,,713,,"6,1",207190,
100064123456789_1200000005550637,100064123456789,TopZone (giả),Cách chụp đêm đẹp bằng iPhone #53,Cách chụp đêm đẹp bằng iPhone #53,74,09/08/2026 10:00,https://www.facebook.com/100064123456789/posts/1200000005550637,Thước phim,Trọn đời,102678,120876,,,,134,,"9,1",51339,
100064123456789_1200000005655366,100064123456789,TopZone (giả),iPhone 17 Pro chính thức ra mắt #54,iPhone 17 Pro chính thức ra mắt #54,40,09/08/2026 10:00,https://www.facebook.com/100064123456789/posts/1200000005655366,Video,Trọn đời,311116,429489,,,,519,,"7,8",155558,
100064123456789_1200000005760095,100064123456789,TopZone (giả),Apple Watch Series 11 lộ diện #55,Apple Watch Series 11 lộ diện #55,58,09/06/2026 10:00,https://www.facebook.com/100064123456789/posts/1200000005760095,Thước phim,Trọn đời,150044,220180,,,,280,,"6,4",75022,
100064123456789_1200000005864824,100064123456789,TopZone (giả),Chuyển dữ liệu Android sang iPhone #56,Chuyển dữ liệu Android sang iPhone #56,51,09/02/2026 10:00,https://www.facebook.com/100064123456789/posts/1200000005864824,Video,Trọn đời,75818,139280,,,,100,,"7,7",37909,
100064123456789_1200000005969553,100064123456789,TopZone (giả),iPhone 17 Pro chính thức ra mắt #57,iPhone 17 Pro chính thức ra mắt #57,32,09/04/2026 10:00,https://www.facebook.com/100064123456789/posts/1200000005969553,Thước phim,Trọn đời,339266,407115,,,,569,,"7,6",169633,
100064123456789_1200000006074282,100064123456789,TopZone (giả),Tóm tắt sự kiện Apple 3 phút #58,Tóm tắt sự kiện Apple 3 phút #58,8,09/07/2026 10:00,https://www.facebook.com/100064123456789/posts/1200000006074282,Video,Trọn đời,283316,419923,,,,452,,"6,3",141658,
100064123456789_1200000006179011,100064123456789,TopZone (giả),Đặt trước - giao máy tận nhà #59,Đặt trước - giao máy tận nhà #59,26,09/14/2026 10:00,https://www.facebook.com/100064123456789/posts/1200000006179011,Thước phim,Trọn đời,512150,637041,,,,532,,"5,2",256075,
100064123456789_1200000006283740,100064123456789,TopZone (giả),Đặt trước iPhone 17 nhận quà 3 triệu #60,Đặt trước iPhone 17 nhận quà 3 triệu #60,24,09/15/2026 10:00,https://www.facebook.com/100064123456789/posts/1200000006283740,Video,Trọn đời,349926,659376,,,,258,,"5,6",174963,
100064123456789_1200000006493198,100064123456789,TopZone (giả),Đặt trước - giao máy tận nhà #62,Đặt trước - giao máy tận nhà #62,32,09/13/2026 10:00,https://www.facebook.com/100064123456789/posts/1200000006493198,Video,Trọn đời,283820,362230,,,,410,,"5,9",141910,
100064123456789_1200000006702656,100064123456789,TopZone (giả),Bảo hành 1 đổi 1 tại TopZone #64,Bảo hành 1 đổi 1 tại TopZone #64,23,09/17/2026 10:00,https://www.facebook.com/100064123456789/posts/1200000006702656,Video,Trọn đời,88090,114321,,,,81,,"7,2",44045,
100064123456789_1200000006807385,100064123456789,TopZone (giả),Đặt trước iPhone 17 nhận quà 3 triệu #65,Đặt trước iPhone 17 nhận quà 3 triệu #65,8,09/14/2026 10:00,https://www.facebook.com/100064123456789/posts/1200000006807385,Thước phim,Trọn đời,207774,280069,,,,296,,"5,6",103887,
100064123456789_1200000006912114,100064123456789,TopZone (giả),Đặt trước iPhone 17 nhận quà 3 triệu #66,Đặt trước iPhone 17 nhận quà 3 triệu #66,43,09/13/2026 10:00,https://www.facebook.com/100064123456789/posts/1200000006912114,Video,Trọn đời,187422,286373,,,,241,,"5,5",93711,
100064123456789_1200000007016843,100064123456789,TopZone (giả),Không khí đêm mở bán #67,Không khí đêm mở bán #67,37,09/19/2026 10:00,https://www.facebook.com/100064123456789/posts/1200000007016843,Thước phim,Trọn đời,321742,471178,,,,282,,"6,9",160871,
100064123456789_1200000007121572,100064123456789,TopZone (giả),Không khí đêm mở bán #68,Không khí đêm mở bán #68,29,09/20/2026 10:00,https://www.facebook.com/100064123456789/posts/1200000007121572,Video,Trọn đời,278276,310807,,,,299,,"7,1",139138,
100064123456789_1200000007226301,100064123456789,TopZone (giả),Không khí đêm mở bán #69,Không khí đêm mở bán #69,25,09/20/2026 10:00,https://www.facebook.com/100064123456789/posts/1200000007226301,Thước phim,Trọn đời,465718,601801,,,,764,,"6,0",232859,
100064123456789_1200000007331030,100064123456789,TopZone (giả),KV khuyến mãi tháng #70,KV khuyến mãi tháng #70,8,09/20/2026 10:00,https://www.facebook.com/100064123456789/posts/1200000007331030,Video,Trọn đời,179230,310924,,,,65,,"3,6",89615,
100064123456789_1200000007435759,100064123456789,TopZone (giả),Người đầu tiên cầm iPhone 17 #71,Người đầu tiên cầm iPhone 17 #71,23,09/22/2026 10:00,https://www.facebook.com/100064123456789/posts/1200000007435759,Thước phim,Trọn đời,676212,815758,,,,900,,"6,6",338106,
100064123456789_1200000007540488,100064123456789,TopZone (giả),Người đầu tiên cầm iPhone 17 #72,Người đầu tiên cầm iPhone 17 #72,35,09/22/2026 10:00,https://www.facebook.com/100064123456789/posts/1200000007540488,Video,Trọn đời,485882,817435,,,,1106,,"7,3",242941,
100064123456789_1200000007645217,100064123456789,TopZone (giả),AirPods Pro 3 giảm thêm 500K #73,AirPods Pro 3 giảm thêm 500K #73,18,09/30/2026 10:00,https://www.facebook.com/100064123456789/posts/1200000007645217,Thước phim,Trọn đời,294164,432074,,,,238,,"7,5",147082,
100064123456789_1200000007749946,100064123456789,TopZone (giả),Không khí đêm mở bán #74,Không khí đêm mở bán #74,63,09/27/2026 10:00,https://www.facebook.com/100064123456789/posts/1200000007749946,Video,Trọn đời,469438,728535,,,,796,,"5,8",234719,
100064123456789_1200000007854675,100064123456789,TopZone (giả),Workshop chụp ảnh iPhone #75,Workshop chụp ảnh iPhone #75,27,09/29/2026 10:00,https://www.facebook.com/100064123456789/posts/1200000007854675,Thước phim,Trọn đời,263800,324834,,,,186,,"7,5",131900,
100064123456789_1200000007959404,100064123456789,TopZone (giả),Dịch vụ dán màn hình miễn phí #76,Dịch vụ dán màn hình miễn phí #76,42,09/26/2026 10:00,https://www.facebook.com/100064123456789/posts/1200000007959404,Video,Trọn đời,106480,120651,,,,68,,"7,1",53240,
100064123456789_1200000008064133,100064123456789,TopZone (giả),AirPods Pro 3 giảm thêm 500K #77,AirPods Pro 3 giảm thêm 500K #77,8,09/29/2026 10:00,https://www.facebook.com/100064123456789/posts/1200000008064133,Thước phim,Trọn đời,278228,451765,,,,255,,"5,6",139114,
100064123456789_1200000008168862,100064123456789,TopZone (giả),Ai dè mua iPhone được tặng thêm #78,Ai dè mua iPhone được tặng thêm #78,82,09/28/2026 10:00,https://www.facebook.com/100064123456789/posts/1200000008168862,Video,Trọn đời,436268,542442,,,,1021,,"7,5",218134,
100064123456789_1200000002722954,100064123456789,TopZone (giả),iPhone 16 giảm sâu trả chậm 0% #26,iPhone 16 giảm sâu trả chậm 0% #26,28,08/07/2026 10:00,https://www.facebook.com/100064123456789/posts/1200000002722954,Thước phim,Trọn đời,385820,435517,,,,273,,"7,7",192910,
100064123456789_1200000002827683,100064123456789,TopZone (giả),Lên đời iPhone trợ giá 2 triệu #27,Lên đời iPhone trợ giá 2 triệu #27,54,08/08/2026 10:00,https://www.facebook.com/100064123456789/posts/1200000002827683,Video,Trọn đời,69744,132195,,,,57,,"5,1",34872,
100064123456789_1200000002932412,100064123456789,TopZone (giả),Có nên lên iPhone 17 Pro? #28,Có nên lên iPhone 17 Pro? #28,64,08/14/2026 10:00,https://www.facebook.com/100064123456789/posts/1200000002932412,Thước phim,Trọn đời,109428,138095,,,,84,,"9,6",54714,
