Campaign name,Ad group name,Ad name,Ad ID,Currency,Cost,Impressions,Reach,Video views,2-second video views,6-second video views,Video views at 25%,Video views at 50%,Average play time per video view
TZ_2026-09_Announce,AG_1,SPARK_7540000000411805882_NPI - Anno,1810000000000000,VND,2702408,293628,195752,122345,67289,36703,30586,17128,4.88
TZ_2026-09_Announce,AG_2,SPARK_7540000000411805882_NPI - Anno,1810000000000001,VND,2702408,293628,195752,122345,67289,36703,30586,17128,4.88
TZ_2026-09_Announce,AG_1,SPARK_7540000000419725112_Upgrade / ,1810000000000010,VND,4161252,149716,99811,62382,34310,18714,15595,8733,7.28
TZ_2026-09_Announce,AG_1,Apple Watch Series 11 lộ diện #55,1810000000000030,VND,1982628,224287,149524,93453,51399,28035,23363,13083,5.12
TZ_2026-09_Announce,AG_1,SPARK_7540000000443483033_Upgrade / ,1810000000000040,VND,472964,57974,38649,24156,13285,7246,6039,3381,6.16
TZ_2026-09_Announce,AG_2,SPARK_7540000000443483033_Upgrade / ,1810000000000041,VND,472964,57974,38649,24156,13285,7246,6039,3381,6.16
TZ_2026-09_Announce,AG_1,SPARK_7540000000451402376_NPI - Anno,1810000000000050,VND,2521273,465199,310132,193833,106608,58149,48458,27136,6.08
TZ_2026-09_Announce,AG_1,SPARK_7540000000459321315_NPI - Anno,1810000000000060,VND,3993622,427960,285307,178317,98074,53495,44579,24964,5.04
TZ_2026-09_Pre-order,AG_1,SPARK_7540000000467241306_NPI - Đặt ,1810000000000070,VND,3881277,600511,400340,250213,137617,75063,62553,35029,4.16
TZ_2026-09_Pre-order,AG_1,SPARK_7540000000475160220_NPI - Đặt ,1810000000000080,VND,2107278,196497,130998,81874,45030,24562,20468,11462,4.48
TZ_2026-09_Pre-order,AG_2,SPARK_7540000000475160220_NPI - Đặt ,1810000000000081,VND,2107278,196497,130998,81874,45030,24562,20468,11462,4.48
TZ_2026-09_Pre-order,AG_1,Đặt trước - giao máy tận nhà #62,1810000000000090,VND,3587099,517168,344779,215487,118517,64646,53871,30168,4.72
TZ_2026-09_Pre-order,AG_1,SPARK_7540000000498918037_Promotion ,1810000000000100,VND,3214063,411386,274257,171411,94276,51423,42852,23997,5.44
TZ_2026-09_Pre-order,AG_1,SPARK_7540000000506837893_Thu cũ đổi,1810000000000110,VND,1160153,128443,85628,53518,29434,16055,13379,7492,5.76
TZ_2026-09_Pre-order,AG_1,SPARK_7540000000514756803_NPI - Đặt ,1810000000000120,VND,2191910,178135,118756,74223,40822,22266,18555,10391,4.48
TZ_2026-09_Pre-order,AG_2,SPARK_7540000000514756803_NPI - Đặt ,1810000000000121,VND,2191910,178135,118756,74223,40822,22266,18555,10391,4.48
TZ_2026-09_Pre-order,AG_1,SPARK_7540000000522676815_NPI - Đặt ,1810000000000130,VND,1982778,280615,187076,116923,64307,35076,29230,16369,4.40
TZ_2026-09_Mở_bán,AG_1,SPARK_7540000000530595971_Mở bán / S,1810000000000140,VND,2865722,368956,245971,153732,84552,46119,38433,21522,5.52
TZ_2026-09_Mở_bán,AG_1,Không khí đêm mở bán #68,1810000000000150,VND,2511994,379780,253187,158242,87033,47472,39560,22153,5.68
TZ_2026-09_Mở_bán,AG_1,SPARK_7540000000546434179_Mở bán / S,1810000000000160,VND,2797004,261705,174470,109044,59974,32713,27261,15266,4.80
TZ_2026-09_Mở_bán,AG_2,SPARK_7540000000546434179_Mở bán / S,1810000000000161,VND,2797004,261705,174470,109044,59974,32713,27261,15266,4.80
TZ_2026-09_Mở_bán,AG_1,SPARK_7540000000554353487_Motion KV,1810000000000170,VND,2961730,210292,140195,87622,48192,26286,21905,12267,2.88
TZ_2026-09_Mở_bán,AG_1,SPARK_7540000000562273317_Mở bán / S,1810000000000180,VND,6748149,868084,578723,361702,198936,108510,90425,50638,5.28
TZ_2026-09_Mở_bán,AG_1,SPARK_7540000000570192652_Mở bán / S,1810000000000190,VND,6799360,887500,591667,369792,203385,110937,92448,51770,5.84
TZ_2026-09_Sau_mở_bán,AG_1,SPARK_7540000000578111283_Promotion ,1810000000000200,VND,1521250,163300,108867,68042,37423,20412,17010,9525,6.00
TZ_2026-09_Sau_mở_bán,AG_2,SPARK_7540000000578111283_Promotion ,1810000000000201,VND,1521250,163300,108867,68042,37423,20412,17010,9525,6.00
TZ_2026-09_Sau_mở_bán,AG_1,Không khí đêm mở bán #74,1810000000000210,VND,8489398,646375,430916,269323,148127,80796,67330,37705,4.64
TZ_2026-09_Sau_mở_bán,AG_1,SPARK_7540000000593950149_Workshop /,1810000000000220,VND,2998502,288969,192646,120404,66222,36121,30101,16856,6.00
TZ_2026-09_Sau_mở_bán,AG_1,SPARK_7540000000601869510_Thu cũ đổi,1810000000000230,VND,1414978,183100,122067,76292,41960,22887,19073,10680,5.68
TZ_2026-09_Sau_mở_bán,AG_1,SPARK_7540000000609788702_Promotion ,1810000000000240,VND,2012646,175874,117249,73281,40304,21984,18320,10259,4.48
TZ_2026-09_Sau_mở_bán,AG_2,SPARK_7540000000609788702_Promotion ,1810000000000241,VND,2012646,175874,117249,73281,40304,21984,18320,10259,4.48
TZ_2026-09_Sau_mở_bán,AG_1,SPARK_7540000000617708138_Sketch hài,1810000000000250,VND,3271066,641635,427756,267348,147041,80204,66837,37428,6.00
TZ_2026-08_BAU,AG_1,SPARK_7540000000205902983_Promotion ,1810000000000260,VND,3404751,436260,290840,181775,99976,54532,45443,25448,6.16
TZ_2026-08_BAU,AG_1,Lên đời iPhone trợ giá 2 triệu #27,1810000000000270,VND,1584989,86352,57568,35980,19789,10794,8995,5037,4.08
TZ_2026-08_BAU,AG_1,SPARK_7540000000221741934_Upgrade / ,1810000000000280,VND,761412,78403,52268,32668,17967,9800,8167,4573,7.68
TZ_2026-08_BAU,AG_2,SPARK_7540000000221741934_Upgrade / ,1810000000000281,VND,761412,78403,52268,32668,17967,9800,8167,4573,7.68
TZ_2026-09_Test,AG_X,SPARK_7999999999999999999_khong_co,1819999999999999,VND,1250000,,,90000,,,,,
Total of 60 results,,,,,94776376,,,,,,,,
